Workbook

Sheet Raw_data
A1: Date | B1: Cash ($) | C1: Stock ($) | D1: Option ($) | E1: Short ($) | F1: Account Value ($)
A2: 45653 | B2: 100000 | C2: 0 | D2: 0 | E2: 0 | F2: 100000
A3: 45657 | B3: 99944 | C3: 35472 | D3: 0 | E3: 35344 | F3: 100072
A4: 45661 | B4: 99944 | C4: 35472 | D4: 0 | E4: 35344 | F4: 100072
A5: 45668 | B5: 2868.22 | C5: 111671.65 | D5: 0 | E5: 18902 | F5: 95637.87
A6: 45673 | B6: 2868.22 | C6: 111671.65 | D6: 0 | E6: 18902 | F6: 95637.87
A7: 45679 | B7: 2868.22 | C7: 111671.65 | D7: 0 | E7: 18902 | F7: 95637.87
A8: 45681 | B8: 2868.22 | C8: 111671.65 | D8: 0 | E8: 18902 | F8: 95637.87
A9: 45686 | B9: 2868.22 | C9: 111671.65 | D9: 0 | E9: 18902 | F9: 95637.87
A10: 45692 | B10: 2868.22 | C10: 111671.65 | D10: 0 | E10: 18902 | F10: 95637.87
A11: 45693 | B11: 2868.22 | C11: 111671.65 | D11: 0 | E11: 18902 | F11: 95637.87
A12: 45694 | B12: 2868.22 | C12: 111671.65 | D12: 0 | E12: 18902 | F12: 95637.87
A13: 45695 | B13: 2868.22 | C13: 111671.65 | D13: 0 | E13: 18902 | F13: 95637.87
... A279: 46067 | B279: 5.54 | C279: 113814.6 | D279: 0 | E279: 0 | F279: 113820.14

Sheet Metrics
A1: Portfolio Summary Metrics
A2: Cumulative Return: | B2: =(Raw_data!F279 / Raw_data!F2) - 1 -> 0.1382014
A3: Mean Daily Return: | B3: =AVERAGE(C9:C284) -> 0.00072486576
A4: Daily Volatility: | B4: =_xlfn.STDEV.S(C9:C284) -> 0.024713351
A7: Date | B7: Account Value | C7: Daily Return | D7: Running Cumulative Return
A8: =Raw_data!A2 -> 45653 | B8: =Raw_data!F2 -> 100000 | D8: 0
A9: =Raw_data!A3 -> 45657 | B9: =Raw_data!F3 -> 100072 | C9: =(B9-B8)/B8 -> 0.00072 | D9: =(B9/B$8)-1 -> 0.00072
A10: =Raw_data!A4 -> 45661 | B10: =Raw_data!F4 -> 100072 | C10: =(B10-B9)/B9 -> 0 | D10: =(B10/B$8)-1 -> 0.00072
A11: =Raw_data!A5 -> 45668 | B11: =Raw_data!F5 -> 95637.87 | C11: =(B11-B10)/B10 -> -0.044309397 | D11: =(B11/B$8)-1 -> -0.0436213
A12: =Raw_data!A6 -> 45673 | B12: =Raw_data!F6 -> 95637.87 | C12: =(B12-B11)/B11 -> 0 | D12: =(B12/B$8)-1 -> -0.0436213
A13: =Raw_data!A7 -> 45679 | B13: =Raw_data!F7 -> 95637.87 | C13: =(B13-B12)/B12 -> 0 | D13: =(B13/B$8)-1 -> -0.0436213
A14: =Raw_data!A8 -> 45681 | B14: =Raw_data!F8 -> 95637.87 | C14: =(B14-B13)/B13 -> 0 | D14: =(B14/B$8)-1 -> -0.0436213
A15: =Raw_data!A9 -> 45686 | B15: =Raw_data!F9 -> 95637.87 | C15: =(B15-B14)/B14 -> 0 | D15: =(B15/B$8)-1 -> -0.0436213
A16: =Raw_data!A10 -> 45692 | B16: =Raw_data!F10 -> 95637.87 | C16: =(B16-B15)/B15 -> 0 | D16: =(B16/B$8)-1 -> -0.0436213
A17: =Raw_data!A11 -> 45693 | B17: =Raw_data!F11 -> 95637.87 | C17: =(B17-B16)/B16 -> 0 | D17: =(B17/B$8)-1 -> -0.0436213
A18: =Raw_data!A12 -> 45694 | B18: =Raw_data!F12 -> 95637.87 | C18: =(B18-B17)/B17 -> 0 | D18: =(B18/B$8)-1 -> -0.0436213
A19: =Raw_data!A13 -> 45695 | B19: =Raw_data!F13 -> 95637.87 | C19: =(B19-B18)/B18 -> 0 | D19: =(B19/B$8)-1 -> -0.0436213
A20: =Raw_data!A14 -> 45696 | B20: =Raw_data!F14 -> 95637.87 | C20: =(B20-B19)/B19 -> 0 | D20: =(B20/B$8)-1 -> -0.0436213
... A284: =Raw_data!A278 -> 46066 | B284: =Raw_data!F278 -> 112875.86 | C284: =(B284-B283)/B283 -> -0.0009764026 | D284: =(B284/B$8)-1 -> 0.1287586

Sheet Dashboard
A1: Portfolio Performance Dashboard
A2: Time Period: 27 Dec, 2024 - 14 Feb, 2026
A3: Cumulative Return | B3: =Metrics!B2 -> 0.1382014
A4: Annualized Return | B4: =(Raw_data!F279 / Raw_data!F2)^(252/279) - 1 -> 0.12403169
A5: Annualized Volatility | B5: =Metrics!B4 * SQRT(252) -> 0.39231228
A6: Sharpe Ratio | B6: =(Metrics!B3/Metrics!B4) * SQRT(252) -> 0.46561421
